{
  "hash": "d7173b98",
  "configHash": "8a6454ef",
  "lockfileHash": "90d24eee",
  "browserHash": "f68754e3",
  "optimized": {
    "@angular/cdk/layout": {
      "src": "../../../../../../node_modules/@angular/cdk/fesm2022/layout.mjs",
      "file": "@angular_cdk_layout.js",
      "fileHash": "8687f757",
      "needsInterop": false
    },
    "@angular/cdk/stepper": {
      "src": "../../../../../../node_modules/@angular/cdk/fesm2022/stepper.mjs",
      "file": "@angular_cdk_stepper.js",
      "fileHash": "4d9c027e",
      "needsInterop": false
    },
    "@angular/common": {
      "src": "../../../../../../node_modules/@angular/common/fesm2022/common.mjs",
      "file": "@angular_common.js",
      "fileHash": "997d080a",
      "needsInterop": false
    },
    "@angular/common/http": {
      "src": "../../../../../../node_modules/@angular/common/fesm2022/http.mjs",
      "file": "@angular_common_http.js",
      "fileHash": "9a208b0d",
      "needsInterop": false
    },
    "@angular/core": {
      "src": "../../../../../../node_modules/@angular/core/fesm2022/core.mjs",
      "file": "@angular_core.js",
      "fileHash": "f7970a12",
      "needsInterop": false
    },
    "@angular/forms": {
      "src": "../../../../../../node_modules/@angular/forms/fesm2022/forms.mjs",
      "file": "@angular_forms.js",
      "fileHash": "dcc14d00",
      "needsInterop": false
    },
    "@angular/material/button": {
      "src": "../../../../../../node_modules/@angular/material/fesm2022/button.mjs",
      "file": "@angular_material_button.js",
      "fileHash": "f9b2331e",
      "needsInterop": false
    },
    "@angular/material/card": {
      "src": "../../../../../../node_modules/@angular/material/fesm2022/card.mjs",
      "file": "@angular_material_card.js",
      "fileHash": "09e0d78c",
      "needsInterop": false
    },
    "@angular/material/checkbox": {
      "src": "../../../../../../node_modules/@angular/material/fesm2022/checkbox.mjs",
      "file": "@angular_material_checkbox.js",
      "fileHash": "5b61cc7c",
      "needsInterop": false
    },
    "@angular/material/core": {
      "src": "../../../../../../node_modules/@angular/material/fesm2022/core.mjs",
      "file": "@angular_material_core.js",
      "fileHash": "a53559a1",
      "needsInterop": false
    },
    "@angular/material/divider": {
      "src": "../../../../../../node_modules/@angular/material/fesm2022/divider.mjs",
      "file": "@angular_material_divider.js",
      "fileHash": "9405782a",
      "needsInterop": false
    },
    "@angular/material/form-field": {
      "src": "../../../../../../node_modules/@angular/material/fesm2022/form-field.mjs",
      "file": "@angular_material_form-field.js",
      "fileHash": "f27e6149",
      "needsInterop": false
    },
    "@angular/material/icon": {
      "src": "../../../../../../node_modules/@angular/material/fesm2022/icon.mjs",
      "file": "@angular_material_icon.js",
      "fileHash": "a135d93d",
      "needsInterop": false
    },
    "@angular/material/input": {
      "src": "../../../../../../node_modules/@angular/material/fesm2022/input.mjs",
      "file": "@angular_material_input.js",
      "fileHash": "a228a33d",
      "needsInterop": false
    },
    "@angular/material/menu": {
      "src": "../../../../../../node_modules/@angular/material/fesm2022/menu.mjs",
      "file": "@angular_material_menu.js",
      "fileHash": "dd46b849",
      "needsInterop": false
    },
    "@angular/material/paginator": {
      "src": "../../../../../../node_modules/@angular/material/fesm2022/paginator.mjs",
      "file": "@angular_material_paginator.js",
      "fileHash": "1cb5a09b",
      "needsInterop": false
    },
    "@angular/material/select": {
      "src": "../../../../../../node_modules/@angular/material/fesm2022/select.mjs",
      "file": "@angular_material_select.js",
      "fileHash": "812721e0",
      "needsInterop": false
    },
    "@angular/material/snack-bar": {
      "src": "../../../../../../node_modules/@angular/material/fesm2022/snack-bar.mjs",
      "file": "@angular_material_snack-bar.js",
      "fileHash": "85e5d729",
      "needsInterop": false
    },
    "@angular/material/stepper": {
      "src": "../../../../../../node_modules/@angular/material/fesm2022/stepper.mjs",
      "file": "@angular_material_stepper.js",
      "fileHash": "065e0ce3",
      "needsInterop": false
    },
    "@angular/material/table": {
      "src": "../../../../../../node_modules/@angular/material/fesm2022/table.mjs",
      "file": "@angular_material_table.js",
      "fileHash": "284e14de",
      "needsInterop": false
    },
    "@angular/material/toolbar": {
      "src": "../../../../../../node_modules/@angular/material/fesm2022/toolbar.mjs",
      "file": "@angular_material_toolbar.js",
      "fileHash": "5d5b4bcf",
      "needsInterop": false
    },
    "@angular/platform-browser": {
      "src": "../../../../../../node_modules/@angular/platform-browser/fesm2022/platform-browser.mjs",
      "file": "@angular_platform-browser.js",
      "fileHash": "76856d9d",
      "needsInterop": false
    },
    "@angular/platform-browser/animations/async": {
      "src": "../../../../../../node_modules/@angular/platform-browser/fesm2022/animations/async.mjs",
      "file": "@angular_platform-browser_animations_async.js",
      "fileHash": "bbc151c5",
      "needsInterop": false
    },
    "@angular/platform-server": {
      "src": "../../../../../../node_modules/@angular/platform-server/fesm2022/platform-server.mjs",
      "file": "@angular_platform-server.js",
      "fileHash": "a17a2591",
      "needsInterop": false
    },
    "@angular/router": {
      "src": "../../../../../../node_modules/@angular/router/fesm2022/router.mjs",
      "file": "@angular_router.js",
      "fileHash": "fe58a72a",
      "needsInterop": false
    },
    "@auth0/angular-jwt": {
      "src": "../../../../../../node_modules/@auth0/angular-jwt/fesm2015/auth0-angular-jwt.mjs",
      "file": "@auth0_angular-jwt.js",
      "fileHash": "5dfaf2d4",
      "needsInterop": false
    },
    "@googlemaps/js-api-loader": {
      "src": "../../../../../../node_modules/@googlemaps/js-api-loader/dist/index.mjs",
      "file": "@googlemaps_js-api-loader.js",
      "fileHash": "7aab2fd6",
      "needsInterop": false
    },
    "chart.js": {
      "src": "../../../../../../node_modules/chart.js/dist/chart.js",
      "file": "chart__js.js",
      "fileHash": "01c093f5",
      "needsInterop": false
    },
    "ng2-charts": {
      "src": "../../../../../../node_modules/ng2-charts/fesm2022/ng2-charts.mjs",
      "file": "ng2-charts.js",
      "fileHash": "f45a83ec",
      "needsInterop": false
    },
    "rxjs": {
      "src": "../../../../../../node_modules/rxjs/dist/cjs/index.js",
      "file": "rxjs.js",
      "fileHash": "35f37b5f",
      "needsInterop": true
    },
    "tslib": {
      "src": "../../../../../../node_modules/tslib/tslib.es6.mjs",
      "file": "tslib.js",
      "fileHash": "9be1a416",
      "needsInterop": false
    }
  },
  "chunks": {
    "xhr2-ISERFGGE": {
      "file": "xhr2-ISERFGGE.js"
    },
    "chunk-3QFIJMUO": {
      "file": "chunk-3QFIJMUO.js"
    },
    "browser-45HANY3Z": {
      "file": "browser-45HANY3Z.js"
    },
    "chunk-3DPIIZGX": {
      "file": "chunk-3DPIIZGX.js"
    },
    "chunk-5SHD7525": {
      "file": "chunk-5SHD7525.js"
    },
    "chunk-KLE2LZTR": {
      "file": "chunk-KLE2LZTR.js"
    },
    "chunk-JIE7GBLN": {
      "file": "chunk-JIE7GBLN.js"
    },
    "chunk-5RQAGOGP": {
      "file": "chunk-5RQAGOGP.js"
    },
    "chunk-D24PS2RN": {
      "file": "chunk-D24PS2RN.js"
    },
    "chunk-SKCSRVUF": {
      "file": "chunk-SKCSRVUF.js"
    },
    "chunk-BDQ6LUU3": {
      "file": "chunk-BDQ6LUU3.js"
    },
    "chunk-3Q6LMFCF": {
      "file": "chunk-3Q6LMFCF.js"
    },
    "chunk-QCQI6MP3": {
      "file": "chunk-QCQI6MP3.js"
    },
    "chunk-RK2POULK": {
      "file": "chunk-RK2POULK.js"
    },
    "chunk-W3ZMQIZT": {
      "file": "chunk-W3ZMQIZT.js"
    },
    "chunk-253GUHSR": {
      "file": "chunk-253GUHSR.js"
    },
    "chunk-6QPZ7QDZ": {
      "file": "chunk-6QPZ7QDZ.js"
    },
    "chunk-I5TJEA3G": {
      "file": "chunk-I5TJEA3G.js"
    },
    "chunk-LXJI6YDO": {
      "file": "chunk-LXJI6YDO.js"
    },
    "chunk-EKRYF44B": {
      "file": "chunk-EKRYF44B.js"
    },
    "chunk-NEMALUCI": {
      "file": "chunk-NEMALUCI.js"
    },
    "chunk-2H3L6IVL": {
      "file": "chunk-2H3L6IVL.js"
    },
    "chunk-NQ4HTGF6": {
      "file": "chunk-NQ4HTGF6.js"
    }
  }
}