{
  "hash": "69c4ff2d",
  "configHash": "bd623341",
  "lockfileHash": "90d24eee",
  "browserHash": "fabad821",
  "optimized": {
    "@angular/cdk/layout": {
      "src": "../../../../../../node_modules/@angular/cdk/fesm2022/layout.mjs",
      "file": "@angular_cdk_layout.js",
      "fileHash": "c5faa325",
      "needsInterop": false
    },
    "@angular/cdk/stepper": {
      "src": "../../../../../../node_modules/@angular/cdk/fesm2022/stepper.mjs",
      "file": "@angular_cdk_stepper.js",
      "fileHash": "816df92b",
      "needsInterop": false
    },
    "@angular/common": {
      "src": "../../../../../../node_modules/@angular/common/fesm2022/common.mjs",
      "file": "@angular_common.js",
      "fileHash": "c204a859",
      "needsInterop": false
    },
    "@angular/common/http": {
      "src": "../../../../../../node_modules/@angular/common/fesm2022/http.mjs",
      "file": "@angular_common_http.js",
      "fileHash": "fa31fb8a",
      "needsInterop": false
    },
    "@angular/core": {
      "src": "../../../../../../node_modules/@angular/core/fesm2022/core.mjs",
      "file": "@angular_core.js",
      "fileHash": "f8ad8bea",
      "needsInterop": false
    },
    "@angular/forms": {
      "src": "../../../../../../node_modules/@angular/forms/fesm2022/forms.mjs",
      "file": "@angular_forms.js",
      "fileHash": "be4a5f6c",
      "needsInterop": false
    },
    "@angular/material/button": {
      "src": "../../../../../../node_modules/@angular/material/fesm2022/button.mjs",
      "file": "@angular_material_button.js",
      "fileHash": "b737ce82",
      "needsInterop": false
    },
    "@angular/material/card": {
      "src": "../../../../../../node_modules/@angular/material/fesm2022/card.mjs",
      "file": "@angular_material_card.js",
      "fileHash": "9b8fbbdd",
      "needsInterop": false
    },
    "@angular/material/checkbox": {
      "src": "../../../../../../node_modules/@angular/material/fesm2022/checkbox.mjs",
      "file": "@angular_material_checkbox.js",
      "fileHash": "1430ca42",
      "needsInterop": false
    },
    "@angular/material/core": {
      "src": "../../../../../../node_modules/@angular/material/fesm2022/core.mjs",
      "file": "@angular_material_core.js",
      "fileHash": "ce8e1936",
      "needsInterop": false
    },
    "@angular/material/divider": {
      "src": "../../../../../../node_modules/@angular/material/fesm2022/divider.mjs",
      "file": "@angular_material_divider.js",
      "fileHash": "549f768f",
      "needsInterop": false
    },
    "@angular/material/form-field": {
      "src": "../../../../../../node_modules/@angular/material/fesm2022/form-field.mjs",
      "file": "@angular_material_form-field.js",
      "fileHash": "7c108d30",
      "needsInterop": false
    },
    "@angular/material/icon": {
      "src": "../../../../../../node_modules/@angular/material/fesm2022/icon.mjs",
      "file": "@angular_material_icon.js",
      "fileHash": "fb39d151",
      "needsInterop": false
    },
    "@angular/material/input": {
      "src": "../../../../../../node_modules/@angular/material/fesm2022/input.mjs",
      "file": "@angular_material_input.js",
      "fileHash": "c68e028a",
      "needsInterop": false
    },
    "@angular/material/menu": {
      "src": "../../../../../../node_modules/@angular/material/fesm2022/menu.mjs",
      "file": "@angular_material_menu.js",
      "fileHash": "a1f7fc4c",
      "needsInterop": false
    },
    "@angular/material/paginator": {
      "src": "../../../../../../node_modules/@angular/material/fesm2022/paginator.mjs",
      "file": "@angular_material_paginator.js",
      "fileHash": "88de0a86",
      "needsInterop": false
    },
    "@angular/material/select": {
      "src": "../../../../../../node_modules/@angular/material/fesm2022/select.mjs",
      "file": "@angular_material_select.js",
      "fileHash": "94ce2686",
      "needsInterop": false
    },
    "@angular/material/snack-bar": {
      "src": "../../../../../../node_modules/@angular/material/fesm2022/snack-bar.mjs",
      "file": "@angular_material_snack-bar.js",
      "fileHash": "62e63836",
      "needsInterop": false
    },
    "@angular/material/stepper": {
      "src": "../../../../../../node_modules/@angular/material/fesm2022/stepper.mjs",
      "file": "@angular_material_stepper.js",
      "fileHash": "92fd4b81",
      "needsInterop": false
    },
    "@angular/material/table": {
      "src": "../../../../../../node_modules/@angular/material/fesm2022/table.mjs",
      "file": "@angular_material_table.js",
      "fileHash": "07e90ab9",
      "needsInterop": false
    },
    "@angular/material/toolbar": {
      "src": "../../../../../../node_modules/@angular/material/fesm2022/toolbar.mjs",
      "file": "@angular_material_toolbar.js",
      "fileHash": "540ad386",
      "needsInterop": false
    },
    "@angular/platform-browser": {
      "src": "../../../../../../node_modules/@angular/platform-browser/fesm2022/platform-browser.mjs",
      "file": "@angular_platform-browser.js",
      "fileHash": "4cd2c358",
      "needsInterop": false
    },
    "@angular/platform-browser/animations/async": {
      "src": "../../../../../../node_modules/@angular/platform-browser/fesm2022/animations/async.mjs",
      "file": "@angular_platform-browser_animations_async.js",
      "fileHash": "b34e0559",
      "needsInterop": false
    },
    "@angular/router": {
      "src": "../../../../../../node_modules/@angular/router/fesm2022/router.mjs",
      "file": "@angular_router.js",
      "fileHash": "12b1a886",
      "needsInterop": false
    },
    "@auth0/angular-jwt": {
      "src": "../../../../../../node_modules/@auth0/angular-jwt/fesm2020/auth0-angular-jwt.mjs",
      "file": "@auth0_angular-jwt.js",
      "fileHash": "c409806f",
      "needsInterop": false
    },
    "@googlemaps/js-api-loader": {
      "src": "../../../../../../node_modules/@googlemaps/js-api-loader/dist/index.mjs",
      "file": "@googlemaps_js-api-loader.js",
      "fileHash": "d7bc95b3",
      "needsInterop": false
    },
    "chart.js": {
      "src": "../../../../../../node_modules/chart.js/dist/chart.js",
      "file": "chart__js.js",
      "fileHash": "268d60ce",
      "needsInterop": false
    },
    "ng2-charts": {
      "src": "../../../../../../node_modules/ng2-charts/fesm2022/ng2-charts.mjs",
      "file": "ng2-charts.js",
      "fileHash": "c9e6b1e8",
      "needsInterop": false
    },
    "rxjs": {
      "src": "../../../../../../node_modules/rxjs/dist/esm5/index.js",
      "file": "rxjs.js",
      "fileHash": "5cd22974",
      "needsInterop": false
    }
  },
  "chunks": {
    "chunk-IUDTSDBB": {
      "file": "chunk-IUDTSDBB.js"
    },
    "browser-KX5VPODH": {
      "file": "browser-KX5VPODH.js"
    },
    "chunk-Q6JSJLTF": {
      "file": "chunk-Q6JSJLTF.js"
    },
    "chunk-WCPBC5C4": {
      "file": "chunk-WCPBC5C4.js"
    },
    "chunk-EWPFDFUF": {
      "file": "chunk-EWPFDFUF.js"
    },
    "chunk-LA2LXNQC": {
      "file": "chunk-LA2LXNQC.js"
    },
    "chunk-MKMF3MR4": {
      "file": "chunk-MKMF3MR4.js"
    },
    "chunk-6QMRW5JT": {
      "file": "chunk-6QMRW5JT.js"
    },
    "chunk-VLMTOHV6": {
      "file": "chunk-VLMTOHV6.js"
    },
    "chunk-TYE4XF4J": {
      "file": "chunk-TYE4XF4J.js"
    },
    "chunk-BCU24T2C": {
      "file": "chunk-BCU24T2C.js"
    },
    "chunk-6523R2C7": {
      "file": "chunk-6523R2C7.js"
    },
    "chunk-FZA4YJ4S": {
      "file": "chunk-FZA4YJ4S.js"
    },
    "chunk-UADNY2ZJ": {
      "file": "chunk-UADNY2ZJ.js"
    },
    "chunk-2UAWGDSU": {
      "file": "chunk-2UAWGDSU.js"
    },
    "chunk-F4IYSBV3": {
      "file": "chunk-F4IYSBV3.js"
    },
    "chunk-6WDMQRZ6": {
      "file": "chunk-6WDMQRZ6.js"
    },
    "chunk-A77LJ3EL": {
      "file": "chunk-A77LJ3EL.js"
    },
    "chunk-XE3QP43U": {
      "file": "chunk-XE3QP43U.js"
    },
    "chunk-66JPAEYR": {
      "file": "chunk-66JPAEYR.js"
    },
    "chunk-WDMUDEB6": {
      "file": "chunk-WDMUDEB6.js"
    }
  }
}